target_number,calling_number,equipment_imei,subscriber_imsi,call_date,call_initiation_time,cgi,call_direction,duration_sec,signal_strength,timing_advance,rtt
919543210987,919812345670,860987654321098,404810987654321,2026-08-01,08:00:00,404-81-400-1,OUT,118,-80,12,48.0
919543210987,919812345670,860987654321098,404810987654321,2026-08-01,08:05:00,404-81-400-2,OUT,82,-84,9,40.0
919543210987,919812345670,860987654321098,404810987654321,2026-08-01,08:10:00,404-81-400-3,IN,58,-87,7,33.0
919543210987,919812345670,860987654321098,404810987654321,2026-08-01,08:15:00,404-81-400-4,OUT,148,-82,11,45.0
919543210987,919812345670,860987654321098,404810987654321,2026-08-01,08:20:00,404-81-400-1,OUT,42,-79,14,52.0
919543210987,919812345670,860987654321098,404810987654321,2026-08-01,08:25:00,404-81-400-2,SMS,0,-83,10,42.0
919543210987,919812345670,860987654321098,404810987654321,2026-08-01,08:30:00,404-81-400-3,OUT,195,-86,8,36.0
919543210987,919812345670,860987654321098,404810987654321,2026-08-01,08:35:00,404-81-400-4,IN,78,-81,12,48.0
919543210987,919812345670,860987654321098,404810987654321,2026-08-01,08:40:00,404-81-400-1,OUT,108,-78,15,55.0
919543210987,919812345670,860987654321098,404810987654321,2026-08-01,08:45:00,404-81-400-2,OUT,68,-84,10,41.0
919543210987,919812345670,860987654321098,404810987654321,2026-08-01,08:50:00,404-81-400-3,IN,52,-88,6,31.0
919543210987,919812345670,860987654321098,404810987654321,2026-08-01,08:55:00,404-81-400-4,OUT,128,-81,12,47.0
919543210987,919812345670,860987654321098,404810987654321,2026-08-01,09:00:00,404-81-400-1,OUT,92,-80,13,50.0
919543210987,919812345670,860987654321098,404810987654321,2026-08-01,09:05:00,404-81-400-2,OUT,62,-83,10,43.0
919543210987,919812345670,860987654321098,404810987654321,2026-08-01,09:10:00,404-81-400-3,SMS,0,-86,8,35.0
919543210987,919812345670,860987654321098,404810987654321,2026-08-01,09:15:00,404-81-400-4,IN,38,-81,12,48.0
919543210987,919812345670,860987654321098,404810987654321,2026-08-01,09:20:00,404-81-400-1,OUT,138,-79,14,53.0
919543210987,919812345670,860987654321098,404810987654321,2026-08-01,09:25:00,404-81-400-2,OUT,82,-84,10,41.0
919543210987,919812345670,860987654321098,404810987654321,2026-08-01,09:30:00,404-81-400-3,OUT,98,-87,7,34.0
919543210987,919812345670,860987654321098,404810987654321,2026-08-01,09:35:00,404-81-400-4,IN,72,-81,12,47.0
