calling_no,called_no,datetime,type,duration,first cgi,first cgi lat/long,mcc,mnc,lac,cell_id,ta,signal_strength
# === SCENARIO 1: Single Tower Frame (Single Sector Annular Wedge Fix) ===
919876543210,919812345670,2026-08-01 08:00:00,MOC,45,404-98-8290-241660674,21.2185/72.7792,404,98,8290,241660674,3,-85
# === SCENARIO 2: Two Tower Frame (Analytical Circle Intersection + Wedge Disambiguation) ===
919876543210,919812345670,2026-08-01 08:20:00,MOC,60,404-98-8290-216060674,21.2190/72.7801,404,98,8290,216060674,2,-80
919876543210,919812345670,2026-08-01 08:21:30,MOC,30,404-98-8290-241660679,21.2210/72.7830,404,98,8290,241660679,3,-82
# === SCENARIO 3: Three+ Tower Frame (Cheung-Lee JPL Multilateration + Huber Loss) ===
919876543210,919812345670,2026-08-01 08:40:00,MOC,90,404-98-8290-241660674,21.2185/72.7792,404,98,8290,241660674,4,-75
919876543210,919812345670,2026-08-01 08:41:00,MOC,45,404-98-8290-241660679,21.2210/72.7830,404,98,8290,241660679,2,-78
919876543210,919812345670,2026-08-01 08:42:00,MOC,30,404-98-8290-240799496,21.2225/72.7845,404,98,8290,240799496,5,-72
# === SCENARIO 4: Single Tower Frame (Piplod South Sector) ===
919876543210,919812345670,2026-08-01 09:10:00,MOC,35,404-10-2025-10005,21.16818/72.78911,404,10,2025,10005,4,-88
# === SCENARIO 5: Two Tower Frame (Piplod Sector Overlap) ===
919876543210,919812345670,2026-08-01 09:30:00,MOC,50,404-10-2025-10005,21.16818/72.78911,404,10,2025,10005,3,-79
919876543210,919812345670,2026-08-01 09:31:15,MOC,40,404-10-2024-10009,21.16388/72.78784,404,10,2024,10009,2,-81
