Scenario_ID,Scenario_Name,Method,Samples,MAE_m,RMSE_m,P50_m,P90_m,P95_m,Reduction_MAE_Pct,Reduction_P50_Pct,Calibration_95_Rate,Mean_Radius_m,Track_Jitter_m
SCN-01,"Good Geometry (4 Towers, Low Noise sigma=20m, Driving)",A_SingleTower,75,175.93,190.53,181.89,279.89,282.81,0.0,0.0,1.0,430.6,63.93
SCN-01,"Good Geometry (4 Towers, Low Noise sigma=20m, Driving)",B_UnweightedLS,75,31.64,35.71,31.0,54.69,61.62,82.0,83.0,0.333,29.8,29.41
SCN-01,"Good Geometry (4 Towers, Low Noise sigma=20m, Driving)",C_HuberLS,75,31.64,35.71,31.0,54.69,61.62,82.0,83.0,0.667,38.4,29.41
SCN-01,"Good Geometry (4 Towers, Low Noise sigma=20m, Driving)",D_HuberKalman,75,24.25,27.09,21.97,39.35,44.79,86.2,87.9,1.0,80.7,10.14
SCN-01,"Good Geometry (4 Towers, Low Noise sigma=20m, Driving)",E_FullPipeline,75,23.84,27.04,21.34,39.39,48.59,86.5,88.3,0.987,67.6,10.9
SCN-02,"High Noise & NLOS Outliers (4 Towers, sigma=50m, 25% NLOS +250m)",A_SingleTower,75,196.78,217.19,177.27,312.53,334.35,0.0,0.0,0.987,448.1,112.92
SCN-02,"High Noise & NLOS Outliers (4 Towers, sigma=50m, 25% NLOS +250m)",B_UnweightedLS,75,120.58,139.6,117.25,214.31,222.96,38.7,33.9,0.44,116.4,96.73
SCN-02,"High Noise & NLOS Outliers (4 Towers, sigma=50m, 25% NLOS +250m)",C_HuberLS,75,122.35,143.2,123.26,220.08,253.77,37.8,30.5,0.467,95.7,97.83
SCN-02,"High Noise & NLOS Outliers (4 Towers, sigma=50m, 25% NLOS +250m)",D_HuberKalman,75,123.38,162.76,93.44,237.75,281.71,37.3,47.3,0.6,127.9,84.36
SCN-02,"High Noise & NLOS Outliers (4 Towers, sigma=50m, 25% NLOS +250m)",E_FullPipeline,75,84.16,105.32,62.78,156.59,181.94,57.2,64.6,0.84,151.9,50.56
SCN-03,"Severe NLOS & Extreme Noise (4 Towers, sigma=100m, 35% NLOS +350m)",A_SingleTower,75,238.42,260.21,218.46,374.35,401.79,0.0,0.0,0.973,497.1,138.2
SCN-03,"Severe NLOS & Extreme Noise (4 Towers, sigma=100m, 35% NLOS +350m)",B_UnweightedLS,75,144.84,163.78,145.21,232.77,254.76,39.2,33.5,0.413,147.9,101.31
SCN-03,"Severe NLOS & Extreme Noise (4 Towers, sigma=100m, 35% NLOS +350m)",C_HuberLS,75,151.77,168.41,146.18,230.07,261.51,36.3,33.1,0.333,119.1,102.33
SCN-03,"Severe NLOS & Extreme Noise (4 Towers, sigma=100m, 35% NLOS +350m)",D_HuberKalman,75,105.57,120.03,98.47,194.23,220.23,55.7,54.9,0.813,152.8,45.66
SCN-03,"Severe NLOS & Extreme Noise (4 Towers, sigma=100m, 35% NLOS +350m)",E_FullPipeline,75,115.45,133.86,103.71,213.03,249.69,51.6,52.5,0.893,224.5,59.92
SCN-04,"Poor Geometry - Collinear Towers (4 Towers in Line, sigma=30m)",A_SingleTower,75,420.36,472.68,374.34,689.86,782.08,0.0,0.0,0.347,295.7,142.98
SCN-04,"Poor Geometry - Collinear Towers (4 Towers in Line, sigma=30m)",B_UnweightedLS,75,7367.73,10476.25,579.41,15389.42,15470.5,-1652.7,-54.8,0.653,13591241.0,9420.87
SCN-04,"Poor Geometry - Collinear Towers (4 Towers in Line, sigma=30m)",C_HuberLS,75,11079.45,12796.63,14666.6,15401.75,15453.63,-2535.7,-3818.0,0.907,14725408.1,9755.1
SCN-04,"Poor Geometry - Collinear Towers (4 Towers in Line, sigma=30m)",D_HuberKalman,75,7223.16,10818.93,3336.41,20339.61,23938.45,-1618.3,-791.3,0.787,21210.6,2867.58
SCN-04,"Poor Geometry - Collinear Towers (4 Towers in Line, sigma=30m)",E_FullPipeline,75,3210.5,5077.26,1036.77,8712.98,9700.03,-663.8,-177.0,0.973,11044214.3,3254.52
SCN-05,"Poor Geometry - Clustered One-Side (4 Towers NE, sigma=30m)",A_SingleTower,75,134.7,153.81,128.22,251.84,281.24,0.0,0.0,1.0,608.1,108.69
SCN-05,"Poor Geometry - Clustered One-Side (4 Towers NE, sigma=30m)",B_UnweightedLS,75,6162.18,8519.71,2439.6,15760.44,15931.32,-4474.6,-1802.7,0.6,906820955.6,6385.15
SCN-05,"Poor Geometry - Clustered One-Side (4 Towers NE, sigma=30m)",C_HuberLS,75,7548.47,9867.95,12975.05,13884.79,14386.82,-5503.8,-10019.3,0.84,1415036759.1,7576.44
SCN-05,"Poor Geometry - Clustered One-Side (4 Towers NE, sigma=30m)",D_HuberKalman,75,2090.95,3346.22,1307.47,4440.79,8285.62,-1452.3,-919.7,0.88,9932.6,1567.83
SCN-05,"Poor Geometry - Clustered One-Side (4 Towers NE, sigma=30m)",E_FullPipeline,75,2142.56,3442.44,1170.98,5915.33,8256.7,-1490.6,-813.2,0.933,1061278063.6,1790.14
SCN-06,"Sparse 2-Tower Localization (Circle Intersections, sigma=30m)",A_SingleTower,75,220.42,226.16,204.58,300.44,334.13,0.0,0.0,1.0,584.6,116.19
SCN-06,"Sparse 2-Tower Localization (Circle Intersections, sigma=30m)",B_UnweightedLS,75,222.62,232.0,199.41,312.91,332.06,-1.0,2.5,1.0,1067.8,100.07
SCN-06,"Sparse 2-Tower Localization (Circle Intersections, sigma=30m)",C_HuberLS,75,208.15,211.02,201.3,253.04,261.77,5.6,1.6,1.0,1008.8,73.72
SCN-06,"Sparse 2-Tower Localization (Circle Intersections, sigma=30m)",D_HuberKalman,75,220.42,226.16,204.58,300.44,334.13,0.0,0.0,1.0,584.6,116.19
SCN-06,"Sparse 2-Tower Localization (Circle Intersections, sigma=30m)",E_FullPipeline,75,217.29,222.25,215.57,277.01,307.05,1.4,-5.4,0.96,756.8,44.93
SCN-07,"Single Tower Sector Fixes (1 Tower, TA Band, sigma=30m)",A_SingleTower,75,250.23,254.15,239.05,317.72,355.81,0.0,0.0,1.0,773.3,120.82
SCN-07,"Single Tower Sector Fixes (1 Tower, TA Band, sigma=30m)",B_UnweightedLS,75,250.23,254.15,239.05,317.72,355.81,0.0,0.0,1.0,773.3,120.82
SCN-07,"Single Tower Sector Fixes (1 Tower, TA Band, sigma=30m)",C_HuberLS,75,250.23,254.15,239.05,317.72,355.81,0.0,0.0,1.0,773.3,120.82
SCN-07,"Single Tower Sector Fixes (1 Tower, TA Band, sigma=30m)",D_HuberKalman,75,250.23,254.15,239.05,317.72,355.81,0.0,0.0,1.0,773.3,120.82
SCN-07,"Single Tower Sector Fixes (1 Tower, TA Band, sigma=30m)",E_FullPipeline,75,244.94,248.66,247.86,284.81,336.3,2.1,-3.7,1.0,585.8,15.58
SCN-08,"Realistic Mixed-Sparse CDR (30% 1-Tow, 40% 2-Tow, 30% 3+ Tow)",A_SingleTower,75,239.48,267.59,257.81,386.99,439.21,0.0,0.0,0.987,487.8,131.47
SCN-08,"Realistic Mixed-Sparse CDR (30% 1-Tow, 40% 2-Tow, 30% 3+ Tow)",B_UnweightedLS,75,473.5,635.11,332.27,1147.84,1298.49,-97.7,-28.9,0.84,928.0,407.13
SCN-08,"Realistic Mixed-Sparse CDR (30% 1-Tow, 40% 2-Tow, 30% 3+ Tow)",C_HuberLS,75,201.69,275.56,138.15,401.12,474.37,15.8,46.4,0.64,306.9,259.84
SCN-08,"Realistic Mixed-Sparse CDR (30% 1-Tow, 40% 2-Tow, 30% 3+ Tow)",D_HuberKalman,75,212.63,256.75,168.25,451.09,522.28,11.2,34.7,0.52,196.0,114.34
SCN-08,"Realistic Mixed-Sparse CDR (30% 1-Tow, 40% 2-Tow, 30% 3+ Tow)",E_FullPipeline,75,141.64,178.36,117.76,301.32,364.58,40.9,54.3,0.76,226.3,86.96
SCN-09,"Stationary Target Track Jitter Test (v=0 m/s, sigma=40m, 20% NLOS)",A_SingleTower,75,106.92,124.91,112.44,183.44,257.42,0.0,0.0,1.0,659.3,118.68
SCN-09,"Stationary Target Track Jitter Test (v=0 m/s, sigma=40m, 20% NLOS)",B_UnweightedLS,75,89.47,108.86,66.75,179.63,210.28,16.3,40.6,0.373,89.2,79.8
SCN-09,"Stationary Target Track Jitter Test (v=0 m/s, sigma=40m, 20% NLOS)",C_HuberLS,75,83.98,101.84,66.75,169.43,187.24,21.5,40.6,0.427,79.8,76.71
SCN-09,"Stationary Target Track Jitter Test (v=0 m/s, sigma=40m, 20% NLOS)",D_HuberKalman,75,53.72,63.95,48.17,104.46,121.64,49.8,57.2,0.84,74.8,21.99
SCN-09,"Stationary Target Track Jitter Test (v=0 m/s, sigma=40m, 20% NLOS)",E_FullPipeline,75,42.2,52.12,32.63,85.57,118.71,60.5,71.0,0.907,87.1,17.82
SCN-10,"Irregular Cadence & Walking Suspect (Variable dt, sigma=30m)",A_SingleTower,75,137.38,149.55,145.32,210.23,227.0,0.0,0.0,1.0,578.6,110.44
SCN-10,"Irregular Cadence & Walking Suspect (Variable dt, sigma=30m)",B_UnweightedLS,75,105.78,121.47,102.83,176.37,206.12,23.0,29.2,0.467,98.5,74.95
SCN-10,"Irregular Cadence & Walking Suspect (Variable dt, sigma=30m)",C_HuberLS,75,99.32,113.87,100.95,158.04,198.11,27.7,30.5,0.36,82.9,71.43
SCN-10,"Irregular Cadence & Walking Suspect (Variable dt, sigma=30m)",D_HuberKalman,75,84.81,96.49,81.74,131.31,156.12,38.3,43.8,0.627,92.1,29.16
SCN-10,"Irregular Cadence & Walking Suspect (Variable dt, sigma=30m)",E_FullPipeline,75,62.31,72.0,55.05,114.14,132.59,54.6,62.1,0.88,109.9,25.81
