cell_site_cgi,event_timestamp,phone_number,imei,imsi,event_description
404-20-100-1,2026-08-10T09:00:00Z,919876543210,358765432109876,404200123456789,LOCATION_UPDATE
404-20-100-2,2026-08-10T09:02:00Z,919876543210,358765432109876,404200123456789,CALL_OUTGOING
404-20-100-3,2026-08-10T09:04:00Z,919876543210,358765432109876,404200123456789,LOCATION_UPDATE
404-20-100-4,2026-08-10T09:06:00Z,919876543210,358765432109876,404200123456789,CALL_INCOMING
405-867-200-1,2026-08-10T09:00:00Z,919765432109,358765432109876,405867012345678,LOCATION_UPDATE
405-867-200-2,2026-08-10T09:02:00Z,919765432109,358765432109876,405867012345678,CALL_OUTGOING
405-867-200-3,2026-08-10T09:04:00Z,919765432109,358765432109876,405867012345678,LOCATION_UPDATE
405-867-200-4,2026-08-10T09:06:00Z,919765432109,358765432109876,405867012345678,CALL_INCOMING
404-20-300-1,2026-08-10T09:00:00Z,919654321098,860123456789012,404209876543210,LOCATION_UPDATE
404-20-300-2,2026-08-10T09:02:00Z,919654321098,860123456789012,404209876543210,CALL_OUTGOING
404-20-300-3,2026-08-10T09:04:00Z,919654321098,860123456789012,404209876543210,LOCATION_UPDATE
404-20-300-4,2026-08-10T09:06:00Z,919654321098,860123456789012,404209876543210,CALL_INCOMING
404-81-400-1,2026-08-10T09:00:00Z,919543210987,860987654321098,404810987654321,LOCATION_UPDATE
404-81-400-2,2026-08-10T09:02:00Z,919543210987,860987654321098,404810987654321,CALL_OUTGOING
404-81-400-3,2026-08-10T09:04:00Z,919543210987,860987654321098,404810987654321,LOCATION_UPDATE
404-81-400-4,2026-08-10T09:06:00Z,919543210987,860987654321098,404810987654321,CALL_INCOMING
