cgi,operator,frequency_band,latitude,longitude,azimuth,beamwidth,range_meters,site_address
404-20-100-1,Airtel,LTE1800,21.1702,72.8211,0,60,1200,Adajan Surat
404-20-100-2,Airtel,LTE1800,21.1902,72.8311,120,60,1200,Vesu Surat
404-20-100-3,Airtel,LTE1800,21.1752,72.8411,240,60,1200,Ring Road Surat
404-20-100-4,Airtel,LTE1800,21.1852,72.8261,0,60,1200,Athwa Surat
404-20-300-1,Vi,LTE1800,21.1722,72.8181,30,60,1100,City Light Surat
404-20-300-2,Vi,LTE1800,21.1882,72.8351,150,60,1100,Nanpura Surat
404-20-300-3,Vi,LTE1800,21.1772,72.8441,270,60,1100,Katargam Surat
404-20-300-4,Vi,LTE1800,21.1832,72.8231,330,60,1100,Piplod Surat
404-81-400-1,BSNL,LTE1800,21.1692,72.8251,15,60,1000,Surat Railway Station
404-81-400-2,BSNL,LTE1800,21.1912,72.8321,135,60,1000,Dumas Road Surat
404-81-400-3,BSNL,LTE1800,21.1762,72.8391,255,60,1000,Varachha Surat
404-81-400-4,BSNL,LTE1800,21.1862,72.8271,15,60,1000,Pal Surat
405-867-200-1,Jio,LTE1800,21.1712,72.8221,45,60,1300,Althan Surat
405-867-200-2,Jio,LTE1800,21.1892,72.8341,165,60,1300,Bhatar Road Surat
405-867-200-3,Jio,LTE1800,21.1742,72.8431,285,60,1300,Ghod Dod Road Surat
405-867-200-4,Jio,LTE1800,21.1842,72.8241,15,60,1300,Sarthana Surat
