msisdn,imei,imsi,call_date,call_time,cell_global_id,call_type,call_duration,signal_strength,timing_advance,rtt
919654321098,860123456789012,404209876543210,2026-08-10,09:00:00,404-20-300-1,MOC,125,-79,13,50.0
919654321098,860123456789012,404209876543210,2026-08-10,09:02:00,404-20-300-2,MOC,88,-83,10,42.0
919654321098,860123456789012,404209876543210,2026-08-10,09:04:00,404-20-300-3,MTC,62,-86,8,35.0
919654321098,860123456789012,404209876543210,2026-08-10,09:06:00,404-20-300-4,MOC,155,-81,12,47.0
919654321098,860123456789012,404209876543210,2026-08-10,09:08:00,404-20-300-1,MOC,48,-78,14,53.0
919654321098,860123456789012,404209876543210,2026-08-10,09:10:00,404-20-300-2,SMS,0,-82,11,44.0
919654321098,860123456789012,404209876543210,2026-08-10,09:12:00,404-20-300-3,MOC,205,-85,9,38.0
919654321098,860123456789012,404209876543210,2026-08-10,09:14:00,404-20-300-4,MTC,82,-80,13,51.0
919654321098,860123456789012,404209876543210,2026-08-10,09:16:00,404-20-300-1,MOC,115,-77,15,55.0
919654321098,860123456789012,404209876543210,2026-08-10,09:18:00,404-20-300-2,MOC,72,-83,10,43.0
919654321098,860123456789012,404209876543210,2026-08-10,09:20:00,404-20-300-3,MTC,58,-87,7,33.0
919654321098,860123456789012,404209876543210,2026-08-10,09:22:00,404-20-300-4,MOC,135,-80,13,49.0
