calling_party,called_party,direction,duration_sec,start_time,cgi_code,signal_dbm,ta,rtt,imei_number,imsi_code
919765432109,919812345670,OUT,120,2026-08-01 08:00:00,405-867-200-1,-78,14,52.0,358765432109876,405867012345678
919765432109,919812345670,OUT,85,2026-08-01 08:05:00,405-867-200-2,-82,11,44.0,358765432109876,405867012345678
919765432109,919812345670,IN,60,2026-08-01 08:10:00,405-867-200-3,-85,9,37.0,358765432109876,405867012345678
919765432109,919812345670,OUT,150,2026-08-01 08:15:00,405-867-200-4,-80,13,48.0,358765432109876,405867012345678
919765432109,919812345670,OUT,45,2026-08-01 08:20:00,405-867-200-1,-77,15,56.0,358765432109876,405867012345678
919765432109,919812345670,SMS,0,2026-08-01 08:25:00,405-867-200-2,-81,12,46.0,358765432109876,405867012345678
919765432109,919812345670,OUT,200,2026-08-01 08:30:00,405-867-200-3,-84,10,39.0,358765432109876,405867012345678
919765432109,919812345670,IN,80,2026-08-01 08:35:00,405-867-200-4,-79,14,53.0,358765432109876,405867012345678
919765432109,919812345670,OUT,110,2026-08-01 08:40:00,405-867-200-1,-76,16,58.0,358765432109876,405867012345678
919765432109,919812345670,OUT,70,2026-08-01 08:45:00,405-867-200-2,-82,12,45.0,358765432109876,405867012345678
919765432109,919812345670,IN,55,2026-08-01 08:50:00,405-867-200-3,-86,8,35.0,358765432109876,405867012345678
919765432109,919812345670,OUT,130,2026-08-01 08:55:00,405-867-200-4,-80,13,49.0,358765432109876,405867012345678
919765432109,919812345670,OUT,95,2026-08-01 09:00:00,405-867-200-1,-78,14,54.0,358765432109876,405867012345678
919765432109,919812345670,OUT,65,2026-08-01 09:05:00,405-867-200-2,-81,12,47.0,358765432109876,405867012345678
919765432109,919812345670,SMS,0,2026-08-01 09:10:00,405-867-200-3,-84,10,40.0,358765432109876,405867012345678
919765432109,919812345670,IN,40,2026-08-01 09:15:00,405-867-200-4,-79,14,52.0,358765432109876,405867012345678
919765432109,919812345670,OUT,140,2026-08-01 09:20:00,405-867-200-1,-77,15,57.0,358765432109876,405867012345678
919765432109,919812345670,OUT,85,2026-08-01 09:25:00,405-867-200-2,-82,12,46.0,358765432109876,405867012345678
919765432109,919812345670,OUT,100,2026-08-01 09:30:00,405-867-200-3,-85,9,38.0,358765432109876,405867012345678
919765432109,919812345670,IN,75,2026-08-01 09:35:00,405-867-200-4,-80,13,50.0,358765432109876,405867012345678
