calling_no,called_no,datetime,type,duration,first cgi,first cgi lat/long,mcc,mnc,lac,cell_id,ta,rtt,signal_strength
919876543210,919812345670,2026-08-01 08:00:00,MOC,120,404-20-100-1,21.1702/72.8211,404,20,100,1,15,58.0,-75
919876543210,919812345670,2026-08-01 08:05:00,MOC,90,404-20-100-2,21.1902/72.8311,404,20,100,2,12,47.0,-80
919876543210,919812345670,2026-08-01 08:10:00,MTC,60,404-20-100-3,21.1752/72.8411,404,20,100,3,10,39.0,-82
919876543210,919812345670,2026-08-01 08:15:00,MOC,150,404-20-100-4,21.1852/72.8261,404,20,100,4,8,31.0,-78
919876543210,919812345670,2026-08-01 08:20:00,MOC,45,404-20-100-1,21.1702/72.8211,404,20,100,1,14,55.0,-76
919876543210,919812345670,2026-08-01 08:25:00,SMS,0,404-20-100-2,21.1902/72.8311,404,20,100,2,13,50.0,-79
919876543210,919812345670,2026-08-01 08:30:00,MOC,200,404-20-100-3,21.1752/72.8411,404,20,100,3,11,42.0,-81
919876543210,919812345670,2026-08-01 08:35:00,MTC,80,404-20-100-4,21.1852/72.8261,404,20,100,4,9,35.0,-77
919876543210,919812345670,2026-08-01 08:40:00,MOC,110,404-20-100-1,21.1702/72.8211,404,20,100,1,16,60.0,-74
919876543210,919812345670,2026-08-01 08:45:00,MOC,70,404-20-100-2,21.1902/72.8311,404,20,100,2,12,48.0,-80
919876543210,919812345670,2026-08-01 08:50:00,MTC,55,404-20-100-3,21.1752/72.8411,404,20,100,3,10,40.0,-83
919876543210,919812345670,2026-08-01 08:55:00,MOC,130,404-20-100-4,21.1852/72.8261,404,20,100,4,8,32.0,-78
919876543210,919812345670,2026-08-01 09:00:00,MOC,95,404-20-100-1,21.1702/72.8211,404,20,100,1,15,57.0,-75
919876543210,919812345670,2026-08-01 09:05:00,MOC,65,404-20-100-2,21.1902/72.8311,404,20,100,2,13,51.0,-79
919876543210,919812345670,2026-08-01 09:10:00,SMS,0,404-20-100-3,21.1752/72.8411,404,20,100,3,11,43.0,-82
919876543210,919812345670,2026-08-01 09:15:00,MTC,40,404-20-100-4,21.1852/72.8261,404,20,100,4,9,36.0,-77
919876543210,919812345670,2026-08-01 09:20:00,MOC,140,404-20-100-1,21.1702/72.8211,404,20,100,1,14,56.0,-76
919876543210,919812345670,2026-08-01 09:25:00,MOC,85,404-20-100-2,21.1902/72.8311,404,20,100,2,12,49.0,-80
919876543210,919812345670,2026-08-01 09:30:00,MOC,100,404-20-100-3,21.1752/72.8411,404,20,100,3,10,41.0,-81
919876543210,919812345670,2026-08-01 09:35:00,MTC,75,404-20-100-4,21.1852/72.8261,404,20,100,4,8,33.0,-78
